{
  "video": "/mnt/data/bit27491-sup-0001-si_v1.avi",
  "frame_calibrated": 0,
  "anchor_px": {
    "x": 532,
    "y": 877
  },
  "mm_per_px": 0.0020408163265306124,
  "scale_bar_um": 100.0,
  "scale_bar_run_px": 49,
  "fig5a_anchor_px": {
    "x": 176.0590909090909,
    "y": 290.5863636363636
  },
  "ecc_warp_small": [
    [
      1.000994086265564,
      0.0003002542653121054,
      0.10765781253576279
    ],
    [
      0.0001545175036881119,
      0.9988663792610168,
      0.4672958254814148
    ]
  ]
}