step,time_s,coupling_iter,disp_abs,disp_rel,load_abs,load_rel,solid_time_s,fluid_time_s,disp_max,load_guess_max,load_return_max,force_omega
1,0.008,1,0.0,0.0,0.0008842856828116821,0.22360679774997896,0.16101855307351798,1.2037948530633003,0.0,0.0,0.0034769304882396814,0.5
